연월,지역번호,지역이름,수입 컨테이너 전체합계,국적선으로 나간 수입 컨테이너 합계,국적선 × 화물 실린 컨테이너(수입),국적선 × 빈 컨테이너(수입), 외국선으로 나간 수입 컨테이너 합계,외국선 × 화물 실린 컨테이너(수입), 외국선 × 빈 컨테이너 (수입),수출 컨테이너 전체합계,국적선으로 나간 수출 컨테이너 합계,국적선 × 화물 실린 컨테이너(수출),국적선 × 빈 컨테이너(수출), 외국선으로 나간 수출 컨테이너 합계,외국선 × 화물 실린 컨테이너(수출), 외국선 × 빈 컨테이너 (수출)
202201,1,일본 지역,134030.5,42932,25636,17296,91098.5,44952.5,46146,118679.25,48851,46966,1885,69828.25,65968.75,3859.5
202201,2,극동아시아 지역,651201.25,82780.25,70442,12338.25,568421,495837.5,72583.5,556218.25,80722.25,46353.75,34368.5,475496,303225.25,172270.75
202201,3,동남아시아 지역,170155.75,31754,28950.25,2803.75,138401.75,127161,11240.75,144073,32384,31848,536,111689,109728,1961
202201,4,서남아시아 지역,23229.75,5817.5,5053,764.5,17412.25,14775,2637.25,18423.5,3628.25,3625.25,3,14795.25,14776.25,19
202201,5,중동 지역,19422,28,28,0,19394,15258,4136,28219.75,14,14,0,28205.75,28054.75,151
202201,6,유럽 지역,77512.25,322,306,16,77190.25,70913.25,6277,64078.5,272,272,0,63806.5,62209.5,1597
202201,7,아프리카 지역,8599,23,23,0,8576,6988,1588,10597.75,70,70,0,10527.75,10087.75,440
202201,8,북미주 지역,139737,3641.25,3633.25,8,136095.75,101373.75,34722,216604.25,16162,16162,0,200442.25,199223.25,1219
202201,9,중미 지역,30109.5,10,10,0,30099.5,12828,17271.5,57821.25,1203,1203,0,56618.25,51016,5602.25
202201,10,남미 지역,34729,322,322,0,34407,32045,2362,60356.75,2,2,0,60354.75,57578.75,2776
202201,11,대양주 지역,34662.25,3562,1360,2202,31100.25,23012.25,8088,13868.5,1088,968,120,12780.5,12283.5,497
202201,12,기타 지역,212,0,0,0,212,212,0,0,0,0,0,0,0,0
202202,1,일본 지역,144227.5,45882,31192,14690,98345.5,59419.5,38926,115921.5,44289.5,41813,2476.5,71632,67434.5,4197.5
202202,2,극동아시아 지역,441971.75,60994,46796.75,14197.25,380977.75,302899.5,78078.25,438504.5,68450.75,43066.5,25384.25,370053.75,261051.75,109002
202202,3,동남아시아 지역,154593,32118.75,28370,3748.75,122474.25,105306.5,17167.75,134588.25,35663,34600,1063,98925.25,94302.25,4623
202202,4,서남아시아 지역,21569.75,5938.25,3788,2150.25,15631.5,14160,1471.5,15658.5,3830,3820,10,11828.5,11818.5,10
202202,5,중동 지역,20719.5,128,128,0,20591.5,13630.5,6961,30925.5,6,6,0,30919.5,30834.5,85
202202,6,유럽 지역,60171.25,328,328,0,59843.25,55706.5,4136.75,62915.5,92,92,0,62823.5,62246.5,577
202202,7,아프리카 지역,6203,50,44,6,6153,5081,1072,8561.75,36,36,0,8525.75,8495.75,30
202202,8,북미주 지역,149813,18722.25,10346.25,8376,131090.75,93858.75,37232,230096.75,19183.5,19183.5,0,210913.25,210523.25,390
202202,9,중미 지역,19412.25,406,365,41,19006.25,7405,11601.25,59406.25,4151,3611,540,55255.25,45140.25,10115
202202,10,남미 지역,31190,3155,3137,18,28035,25918,2117,47098.5,2629,2571,58,44469.5,42705.5,1764
202202,11,대양주 지역,24418.25,211,211,0,24207.25,18111.25,6096,10922,3,3,0,10919,10576,343
202203,1,일본 지역,154144.25,50941,35129.5,15811.5,103203.25,64808,38395.25,127893.5,49992,46488.5,3503.5,77901.5,73005.5,4896
202203,2,극동아시아 지역,505541,60895,51637.5,9257.5,444646,361298.25,83347.75,475269.75,70911.5,42732.5,28179,404358.25,279662.75,124695.5
202203,3,동남아시아 지역,166082.75,40739,36394.25,4344.75,125343.75,112465.75,12878,150373.5,42227,41623,604,108146.5,100403.5,7743
202203,4,서남아시아 지역,18987.5,2822.5,2108,714.5,16165,14861,1304,24415.75,5362.5,5332.5,30,19053.25,17922.25,1131
202203,5,중동 지역,19768.25,181,181,0,19587.25,14187.25,5400,28864.5,59,59,0,28805.5,28731.5,74
202203,6,유럽 지역,78564.75,532,532,0,78032.75,71278.25,6754.5,53105.25,219,219,0,52886.25,52665.25,221
202203,7,아프리카 지역,6282,146,146,0,6136,5153,983,10293.25,10,10,0,10283.25,10256.25,27
202203,8,북미주 지역,163943.5,15188.75,10904.75,4284,148754.75,105707,43047.75,210415.25,3023.25,3023.25,0,207392,206312,1080
202203,9,중미 지역,23675.25,14,14,0,23661.25,12070,11591.25,59835.25,300,0,300,59535.25,51940.25,7595
202203,10,남미 지역,44080,987,872,115,43093,36057,7036,49795,903,903,0,48892,41909,6983
202203,11,대양주 지역,30473.5,3645,1872,1773,26828.5,19088,7740.5,12194,821,581,240,11373,10498,875
202203,12,기타 지역,24,0,0,0,24,24,0,4,0,0,0,4,4,0
202204,1,일본 지역,158860.5,50219.5,33305,16914.5,108641,65990.5,42650.5,124746,45910,43352.5,2557.5,78836,72266,6570
202204,2,극동아시아 지역,491869,58392.25,49554.5,8837.75,433476.75,366153.25,67323.5,458214.5,56414,34058,22356,401800.5,261737.75,140062.75
202204,3,동남아시아 지역,178103.25,37720,33535,4185,140383.25,123168.5,17214.75,152779.25,43747,42932,815,109032.25,106272.25,2760
202204,4,서남아시아 지역,24001,5565,4381,1184,18436,16896,1540,20592.5,5058.5,5036.5,22,15534,15367,167
202204,5,중동 지역,25358.25,123,123,0,25235.25,18117.75,7117.5,38397,26,26,0,38371,38198,173
202204,6,유럽 지역,68471,50,50,0,68421,65890,2531,52847.75,406,406,0,52441.75,51612.75,829
202204,7,아프리카 지역,8323,90,90,0,8233,7686,547,8536.25,0,0,0,8536.25,8326.25,210
202204,8,북미주 지역,173458.75,6066.5,5727.5,339,167392.25,125581.5,41810.75,236745,15159.5,15147.5,12,221585.5,220753.5,832
202204,9,중미 지역,17340,15,15,0,17325,10055,7270,70271.75,614,614,0,69657.75,51698.75,17959
202204,10,남미 지역,33894,249,249,0,33645,29456,4189,45669.5,6,6,0,45663.5,43731.5,1932
202204,11,대양주 지역,23722.25,218,218,0,23504.25,19118.25,4386,10905,26,26,0,10879,10437,442
202204,12,기타 지역,36,36,36,0,0,0,0,0,0,0,0,0,0,0
202205,1,일본 지역,147826.5,50189.5,31532,18657.5,97637,55186.5,42450.5,128295.5,50463,47768.5,2694.5,77832.5,73738.5,4094
202205,2,극동아시아 지역,586770.75,73839.75,63884.5,9955.25,512931,446016.75,66914.25,522645.5,73740.25,43159,30581.25,448905.25,281521,167384.25
202205,3,동남아시아 지역,163428.75,35188.5,29773.25,5415.25,128240.25,118645.25,9595,144912.25,37243.5,36694.5,549,107668.75,105423.75,2245
202205,4,서남아시아 지역,21794,4678,3381,1297,17116,14006,3110,21074.5,3481,3473,8,17593.5,17566.5,27
202205,5,중동 지역,21712.5,99,74,25,21613.5,14842.5,6771,28301.75,84,84,0,28217.75,28097.75,120
202205,6,유럽 지역,77601,567,567,0,77034,73321,3713,55264.5,146,146,0,55118.5,54898.5,220
202205,7,아프리카 지역,7337,71,71,0,7266,6737,529,9482.75,21,21,0,9461.75,9057.75,404
202205,8,북미주 지역,180016,15390.5,11680.75,3709.75,164625.5,117303.25,47322.25,237627,20386.25,20380.25,6,217240.75,217005.75,235
202205,9,중미 지역,20134.25,52,46,6,20082.25,10344,9738.25,52306,3891,3687,204,48415,43266.5,5148.5
202205,10,남미 지역,36310,2841,2797,44,33469,31693,1776,51892.25,1762,1552,210,50130.25,47610.25,2520
202205,11,대양주 지역,33291.75,3311,1462,1849,29980.75,21322.75,8658,15756.25,1035,809,226,14721.25,13874.25,847
202205,12,기타 지역,93,20,18,2,73,73,0,1,0,0,0,1,1,0
202206,1,일본 지역,149603.25,48522.5,32395,16127.5,101080.75,62732,38348.75,115316,43475,40658,2817,71841,67701,4140
202206,2,극동아시아 지역,533041.75,69010.5,60606.5,8404,464031.25,407730,56301.25,450035,70941,41826.25,29114.75,379094,231022.75,148071.25
202206,3,동남아시아 지역,160445,40193.25,36696,3497.25,120251.75,108947,11304.75,133071.75,32634.5,32169.5,465,100437.25,94576,5861.25
202206,4,서남아시아 지역,16931.75,3580,2670,910,13351.75,11778,1573.75,17537.5,3953,3948,5,13584.5,13576.5,8
202206,5,중동 지역,20509.5,180,140,40,20329.5,13781.5,6548,23399,32,32,0,23367,23254,113
202206,6,유럽 지역,60385.75,635,635,0,59750.75,57729.75,2021,38835.75,28,28,0,38807.75,38781.75,26
202206,7,아프리카 지역,6706,190,190,0,6516,5436,1080,8154.75,0,0,0,8154.75,8148.75,6
202206,8,북미주 지역,145344,13559.25,9122.5,4436.75,131784.75,110037,21747.75,212135,22197.75,21899.75,298,189937.25,188859.25,1078
202206,9,중미 지역,18210.25,609,592,17,17601.25,10625,6976.25,74025.5,790,790,0,73235.5,67338.5,5897
202206,10,남미 지역,33718,2137,1762,375,31581,28712,2869,63400.5,731,731,0,62669.5,59777.5,2892
202206,11,대양주 지역,31195.75,526,526,0,30669.75,22273.75,8396,10256,0,0,0,10256,9516,740
202206,12,기타 지역,8,0,0,0,8,8,0,0,0,0,0,0,0,0
202207,1,일본 지역,145172.25,47654,32862.5,14791.5,97518.25,61348.5,36169.75,124608,47114.5,44120,2994.5,77493.5,72077.5,5416
202207,2,극동아시아 지역,564776.75,82161.5,70209.5,11952,482615.25,427320.25,55295,529149.75,91862.25,54073.75,37788.5,437287.5,264162.75,173124.75
202207,3,동남아시아 지역,167174.75,33861.75,31142,2719.75,133313,124497.75,8815.25,140290.5,30195.25,29949.25,246,110095.25,107742.25,2353
202207,4,서남아시아 지역,21033,4826,3900,926,16207,14918,1289,21185.25,6715,6692,23,14470.25,14467.25,3
202207,5,중동 지역,23237.25,71,71,0,23166.25,14512.5,8653.75,35078.25,13,13,0,35065.25,34778.25,287
202207,6,유럽 지역,76361,689,689,0,75672,72044,3628,50412.75,308,308,0,50104.75,49937.75,167
202207,7,아프리카 지역,10159,282,282,0,9877,7350,2527,10931.75,2,2,0,10929.75,10529.75,400
202207,8,북미주 지역,148477.5,17701.5,14500.25,3201.25,130776,101161.75,29614.25,255502.25,16555.75,16321.75,234,238946.5,237431.5,1515
202207,9,중미 지역,24617.25,248,211,37,24369.25,13023,11346.25,80675.25,4079,4079,0,76596.25,70336.25,6260
202207,10,남미 지역,42078,3201,3048,153,38877,34717,4160,62952,2087,2087,0,60865,58545,2320
202207,11,대양주 지역,37445,4235,2378,1857,33210,23602.25,9607.75,14858.75,936,689,247,13922.75,12451.75,1471
202207,12,기타 지역,14,0,0,0,14,14,0,2,0,0,0,2,2,0
202208,1,일본 지역,145811.5,45596.5,30074,15522.5,100215,60701.5,39513.5,120657.5,44495.5,42031,2464.5,76162,70598.5,5563.5
202208,2,극동아시아 지역,536354.25,82002.5,68983.5,13019,454351.75,400822.25,53529.5,505326.5,89115.25,53893,35222.25,416211.25,250576,165635.25
202208,3,동남아시아 지역,165106.25,32145.5,28454,3691.5,132960.75,125226.5,7734.25,130333.5,31097.25,30014.25,1083,99236.25,94347.25,4889
202208,4,서남아시아 지역,19943,5195,4763,432,14748,12935,1813,19102.75,5559.5,5543.5,16,13543.25,13426.25,117
202208,5,중동 지역,18474.75,240,158,82,18234.75,12099.75,6135,26088.75,75,75,0,26013.75,25882.75,131
202208,6,유럽 지역,67634.25,513,511,2,67121.25,62544,4577.25,47927.25,166,166,0,47761.25,47421.25,340
202208,7,아프리카 지역,7332,209,209,0,7123,6035,1088,10589.5,24,24,0,10565.5,10565.5,0
202208,8,북미주 지역,164547.75,11487.5,10289.5,1198,153060.25,111104.5,41955.75,202276.75,15343.5,15327.5,16,186933.25,186463.25,470
202208,9,중미 지역,30000.5,18,18,0,29982.5,9315.75,20666.75,72977.25,725,725,0,72252.25,70056.25,2196
202208,10,남미 지역,38523,777,777,0,37746,33309,4437,58030,0,0,0,58030,55494,2536
202208,11,대양주 지역,34628,4569,2433,2136,30059,21307.5,8751.5,14966.25,656,656,0,14310.25,13184.25,1126
202208,12,기타 지역,118,0,0,0,118,118,0,0,0,0,0,0,0,0
202209,1,일본 지역,124137.75,38251,26785,11466,85886.75,50476,35410.75,103437.5,33182.5,31240.5,1942,70255,62603,7652
202209,2,극동아시아 지역,437241,64069,53516.5,10552.5,373172,323506.75,49665.25,423564.25,68065.75,42088.5,25977.25,355498.5,217637.25,137861.25
202209,3,동남아시아 지역,154812.75,31068.75,28223,2845.75,123744,115605.75,8138.25,111918,29452.75,28138.75,1314,82465.25,78054.25,4411
202209,4,서남아시아 지역,17177.25,2858,1686,1172,14319.25,12303,2016.25,19233,4081,4073,8,15152,15137,15
202209,5,중동 지역,20249,94,94,0,20155,13331,6824,22285.25,48,48,0,22237.25,21987.25,250
202209,6,유럽 지역,52865.75,671.25,671.25,0,52194.5,50122.5,2072,39120,39,39,0,39081,38917,164
202209,7,아프리카 지역,5585,140,140,0,5445,4852,593,8227.5,6,6,0,8221.5,8221.5,0
202209,8,북미주 지역,115663.5,15506,8192.25,7313.75,100157.5,79395,20762.5,188130.25,18498,18320,178,169632.25,167968.25,1664
202209,9,중미 지역,18753,14,14,0,18739,10076,8663,63440.25,1032.75,1032.75,0,62407.5,57402.5,5005
202209,10,남미 지역,28495,1375,1348,27,27120,24033,3087,50874.25,841,841,0,50033.25,46253.25,3780
202209,11,대양주 지역,31094.25,517,517,0,30577.25,20144.25,10433,14296.25,70,70,0,14226.25,12572.25,1654
202209,12,기타 지역,72,0,0,0,72,72,0,0,0,0,0,0,0,0
202210,1,일본 지역,154855,49829.5,33744.5,16085,105025.5,66938,38087.5,121372,45903.5,42625.5,3278,75468.5,68949.5,6519
202210,2,극동아시아 지역,505180.25,70731.75,60800.75,9931,434448.5,374576,59872.5,498278.25,78982.25,51662.75,27319.5,419296,262148.5,157147.5
202210,3,동남아시아 지역,164763,32374,30140,2234,132389,119568,12821,138844,33667.5,32117.5,1550,105176.5,98726.5,6450
202210,4,서남아시아 지역,16774.75,7058.75,5365,1693.75,9716,9195,521,22707.5,7556.25,7540.25,16,15151.25,15144.25,7
202210,5,중동 지역,19512.75,53,53,0,19459.75,9692.5,9767.25,31418.25,107,107,0,31311.25,29669.25,1642
202210,6,유럽 지역,60094.75,43,43,0,60051.75,55574.75,4477,51180,116,116,0,51064,50329,735
202210,7,아프리카 지역,5397,253,252,1,5144,4257,887,11272.25,16,16,0,11256.25,11256.25,0
202210,8,북미주 지역,158260.5,14362.25,11643.25,2719,143898.25,107544,36354.25,193223.75,10373,10209,164,182850.75,182285.75,565
202210,9,중미 지역,21144,140,130,10,21004,9445,11559,60367.75,1993,1993,0,58374.75,51490.75,6884
202210,10,남미 지역,42890,1284,1078,206,41606,35408,6198,57454.25,2776,2234,542,54678.25,48341.25,6337
202210,11,대양주 지역,34548.75,4078,2712,1366,30470.75,21424.25,9046.5,13239.5,696,648,48,12543.5,12300.5,243
202210,12,기타 지역,659,17,4,13,642,642,0,54,46,30,16,8,8,0
202211,1,일본 지역,149811.5,46400,30392.5,16007.5,103411.5,62138,41273.5,114710,43662,40079.5,3582.5,71048,62253.5,8794.5
202211,2,극동아시아 지역,485246.75,65639.75,59255.75,6384,419607,352178.5,67428.5,466256,72028.75,43838.25,28190.5,394227.25,249437.75,144789.5
202211,3,동남아시아 지역,155079,32155.25,31027.25,1128,122923.75,109064.5,13859.25,129719.5,33418.75,31608.75,1810,96300.75,92948.75,3352
202211,4,서남아시아 지역,16412,2312,2060,252,14100,10655,3445,20451.25,3641.25,3635.25,6,16810,16796,14
202211,5,중동 지역,20484.5,117,117,0,20367.5,10624.5,9743,32639.5,605,605,0,32034.5,31861.5,173
202211,6,유럽 지역,63817.25,216,216,0,63601.25,58890,4711.25,56434,90,90,0,56344,55571,773
202211,7,아프리카 지역,5696,48,48,0,5648,4854,794,13822.5,8,8,0,13814.5,13770.5,44
202211,8,북미주 지역,151492.25,20474.25,17345.75,3128.5,131018,101359,29659,178802.5,21817.75,21390.75,427,156984.75,156295.75,689
202211,9,중미 지역,28061.5,69,53,16,27992.5,9636,18356.5,81125.25,1639,1639,0,79486.25,67536.25,11950
202211,10,남미 지역,42738,1220,1220,0,41518,34533,6985,62365.75,254,254,0,62111.75,57187.75,4924
202211,11,대양주 지역,30184.75,3646,1923,1723,26538.75,16438.25,10100.5,10493.5,773.25,773.25,0,9720.25,9476.25,244
202211,12,기타 지역,216,0,0,0,216,216,0,0,0,0,0,0,0,0
202212,1,일본 지역,146203,46040,31867.5,14172.5,100163,65016,35147,101671,34821,31866.5,2954.5,66850,59534,7316
202212,2,극동아시아 지역,484256.75,72783.25,63469.5,9313.75,411473.5,351246.5,60227,468327.25,74356,42968.5,31387.5,393971.25,248266.5,145704.75
202212,3,동남아시아 지역,170957.75,31150,29647.5,1502.5,139807.75,117839.25,21968.5,123364.5,29566.75,27691.75,1875,93797.75,85782.75,8015
202212,4,서남아시아 지역,18376.25,6892,4686,2206,11484.25,9590,1894.25,23067,6304,6135,169,16763,16753,10
202212,5,중동 지역,29419.25,238,106,132,29181.25,13693,15488.25,29577,70,70,0,29507,29388,119
202212,6,유럽 지역,70308,303,303,0,70005,66502.5,3502.5,53014.5,585,585,0,52429.5,51894.5,535
202212,7,아프리카 지역,6870,126,126,0,6744,5835,909,13466.75,2,2,0,13464.75,13464.75,0
202212,8,북미주 지역,153913.25,12126.25,9041,3085.25,141787,111415.75,30371.25,155472,13602.5,13408.5,194,141869.5,140714.5,1155
202212,9,중미 지역,22440,21,21,0,22419,9480,12939,65356,664,664,0,64692,50582,14110
202212,10,남미 지역,33214,930,886,44,32284,25235,7049,51948,1097,1097,0,50851,48161,2690
202212,11,대양주 지역,30189.5,463,463,0,29726.5,19140.75,10585.75,12324.5,11,11,0,12313.5,12000.5,313
202212,12,기타 지역,0,0,0,0,0,0,0,66,0,0,0,66,66,0
202301,1,일본 지역,120666.25,37158.5,24338.5,12820,83507.75,52090.5,31417.25,123063,44840.5,41303,3537.5,78222.5,72189,6033.5
202301,2,극동아시아 지역,571975.75,73607.25,62256.25,11351,498368.5,425505.75,72862.75,450142.75,72075.75,41472.75,30603,378067,234257.5,143809.5
202301,3,동남아시아 지역,171021.75,31474.75,28780,2694.75,139547,116989.5,22557.5,126535.75,33315.75,30424.75,2891,93220,86918,6302
202301,4,서남아시아 지역,16988.25,5886.25,4114,1772.25,11102,10192,910,22237,7453.25,7437.25,16,14783.75,14777.75,6
202301,5,중동 지역,25805,185,131,54,25620,12716.5,12903.5,32287.25,55,55,0,32232.25,32147.25,85
202301,6,유럽 지역,62567.5,263,261,2,62304.5,58132.5,4172,60762.5,199,199,0,60563.5,60355.5,208
202301,7,아프리카 지역,6126,116,116,0,6010,4714,1296,13931.5,29,29,0,13902.5,13894.5,8
202301,8,북미주 지역,140723.75,13798.25,9603.25,4195,126925.5,104671.75,22253.75,209917,9917.25,9899.25,18,199999.75,198141.75,1858
202301,9,중미 지역,20212,6,6,0,20206,8898,11308,72105.75,1625,1547,78,70480.75,62054,8426.75
202301,10,남미 지역,39852,1656,1601,55,38196,29553,8643,52336,1663,1523,140,50673,46405,4268
202301,11,대양주 지역,24593.5,3568,1947,1621,21025.5,14225.5,6800,10424.25,802,766,36,9622.25,9096.25,526
202301,12,기타 지역,138,0,0,0,138,138,0,4,0,0,0,4,4,0
202302,1,일본 지역,148894,43125.5,29464,13661.5,105768.5,67365.5,38403,104301.25,39680.75,34264.25,5416.5,64620.5,56993,7627.5
202302,2,극동아시아 지역,409089.5,56714,46300,10414,352375.5,280505,71870.5,457495.75,74652.75,45253.75,29399,382843,262135.25,120707.75
202302,3,동남아시아 지역,150044,26580,23737.25,2842.75,123464,107461,16003,133129.5,30841,28958,1883,102288.5,97095.75,5192.75
202302,4,서남아시아 지역,17069.75,4246,3395,851,12823.75,10697.75,2126,25685.25,4639,4635,4,21046.25,20966.25,80
202302,5,중동 지역,25132.75,286,210,76,24846.75,13408.25,11438.5,38137.5,71,71,0,38066.5,37974.5,92
202302,6,유럽 지역,72799,285,279,6,72514,61395.5,11118.5,66771,576,576,0,66195,66092,103
202302,7,아프리카 지역,7352,30,30,0,7322,5890,1432,16092,4,4,0,16088,16080,8
202302,8,북미주 지역,143940.5,24207,17968.5,6238.5,119733.5,88489,31244.5,186021.75,13608.75,13574.75,34,172413,170774,1639
202302,9,중미 지역,30692,140,140,0,30552,9121,21431,72657.5,0,0,0,72657.5,59588,13069.5
202302,10,남미 지역,47561,1088,1081,7,46473,36993,9480,49720.5,0,0,0,49720.5,44816.5,4904
202302,11,대양주 지역,26333.75,286,286,0,26047.75,16402.75,9645,11528.5,15,15,0,11513.5,10549.5,964
202302,12,기타 지역,290,0,0,0,290,290,0,0,0,0,0,0,0,0
202303,1,일본 지역,147198.25,48562.75,32373.5,16189.25,98635.5,64515.5,34120,121099.5,43809,38015,5794,77290.5,68114,9176.5
202303,2,극동아시아 지역,558939,76714,63205.75,13508.25,482225,402832.5,79392.5,527845.75,79220.5,45528.25,33692.25,448625.25,291163,157462.25
202303,3,동남아시아 지역,181998.5,35520.75,33408.5,2112.25,146477.75,131832.5,14645.25,148476,37310.5,35116.5,2194,111165.5,103683,7482.5
202303,4,서남아시아 지역,17830.75,4555,3083.5,1471.5,13275.75,12072.5,1203.25,25116.25,7141,7135,6,17975.25,17903.25,72
202303,5,중동 지역,27645.5,144,144,0,27501.5,13464.5,14037,39027.5,306,306,0,38721.5,38485.5,236
202303,6,유럽 지역,82938.5,206.25,204.25,2,82732.25,65175.75,17556.5,59097,49,49,0,59048,58184,864
202303,7,아프리카 지역,6346,93,93,0,6253,4756,1497,16046,4,4,0,16042,16034,8
202303,8,북미주 지역,209003.25,18573.5,15290.75,3282.75,190429.75,147890.5,42539.25,206736.25,18491.5,18307.5,184,188244.75,186882.75,1362
202303,9,중미 지역,42290.25,271,238,33,42019.25,9800,32219.25,89188,5480,5480,0,83708,67574,16134
202303,10,남미 지역,50011,5392,3476,1916,44619,35181,9438,66256,2762,2602,160,63494,58782,4712
202303,11,대양주 지역,29261.25,2954,1663,1291,26307.25,19160.5,7146.75,12309,577,562,15,11732,11340,392
202303,12,기타 지역,36,0,0,0,36,36,0,0,0,0,0,0,0,0
202304,1,일본 지역,143774.25,44772,30262,14510,99002.25,63415,35587.25,123386.5,39087.5,34942.5,4145,84299,73678,10621
202304,2,극동아시아 지역,561622,73579.75,60126.75,13453,488042.25,413639.5,74402.75,513408.75,81290.25,43564,37726.25,432118.5,275706.75,156411.75
202304,3,동남아시아 지역,166128.75,31229.5,27342.5,3887,134899.25,117836,17063.25,136114,30431.75,28332.75,2099,105682.25,99427.25,6255
202304,4,서남아시아 지역,20983.75,3433,2930,503,17550.75,15018.5,2532.25,26984.75,7231,7160,71,19753.75,19643.75,110
202304,5,중동 지역,24075,70,70,0,24005,13740.75,10264.25,37872,941.5,941.5,0,36930.5,36783.5,147
202304,6,유럽 지역,68043.25,658,658,0,67385.25,59952.25,7433,64676.5,1728,1728,0,62948.5,62752.5,196
202304,7,아프리카 지역,7554,42,42,0,7512,6064,1448,17726.5,45,45,0,17681.5,17653.5,28
202304,8,북미주 지역,171026.75,7888,5926,1962,163138.75,121289.25,41849.5,205965.25,20030.25,19515.25,515,185935,185117,818
202304,9,중미 지역,26477,18,18,0,26459,10858,15601,84131,2278.5,2278.5,0,81852.5,71088,10764.5
202304,10,남미 지역,50779,2532,903,1629,48247,37614,10633,70609.25,1373,1365,8,69236.25,62694.25,6542
202304,11,대양주 지역,36820,2363,1538,825,34457,20741,13716,14741,864,716,148,13877,12526,1351
202304,12,기타 지역,89,24,24,0,65,65,0,8,0,0,0,8,8,0
202305,1,일본 지역,143024.5,40826,25966.5,14859.5,102198.5,65840.5,36358,120784.5,42142.5,37512.5,4630,78642,67467.5,11174.5
202305,2,극동아시아 지역,559381.25,72597.25,60640.25,11957,486784,407485,79299,490474.25,74930.5,39870.5,35060,415543.75,262805.5,152738.25
202305,3,동남아시아 지역,167521.5,37176,30634.5,6541.5,130345.5,104938.5,25407,147893,37277.25,35433.25,1844,110615.75,104046.75,6569
202305,4,서남아시아 지역,17477.25,5606.25,3946.25,1660,11871,10854,1017,24621.25,6628.5,6521.5,107,17992.75,17983.75,9
202305,5,중동 지역,25009,1128.75,154,974.75,23880.25,11695,12185.25,35871.5,191,191,0,35680.5,35563.5,117
202305,6,유럽 지역,81743.75,144,144,0,81599.75,67332.5,14267.25,65556.75,58,58,0,65498.75,65323.75,175
202305,7,아프리카 지역,7025,24,24,0,7001,5913,1088,20542,25,25,0,20517,20499,18
202305,8,북미주 지역,164556,13083.25,11652.25,1431,151472.75,117701.25,33771.5,209322,7307,7299,8,202015,199930,2085
202305,9,중미 지역,22580.25,3,3,0,22577.25,9974.25,12603,88402,0,0,0,88402,78526.75,9875.25
202305,10,남미 지역,45273,39,39,0,45234,33633,11601,65316,280,280,0,65036,61902,3134
202305,11,대양주 지역,33103.75,147,147,0,32956.75,21368.5,11588.25,14786.5,7,7,0,14779.5,13116.5,1663
202305,12,기타 지역,30,0,0,0,30,30,0,0,0,0,0,0,0,0
202306,1,일본 지역,142324,47417.5,32437,14980.5,94906.5,63530.5,31376,120720.5,41862.5,36693.5,5169,78858,65651.5,13206.5
202306,2,극동아시아 지역,543716.75,76259,65545,10714,467457.75,391704.5,75753.25,468362,81039,44877.75,36161.25,387323,234132,153191
202306,3,동남아시아 지역,173569.25,34026.5,30669.5,3357,139542.75,111642.75,27900,136659,34665.75,33729.75,936,101993.25,96764.25,5229
202306,4,서남아시아 지역,19354.75,6799,4407,2392,12555.75,11100.75,1455,20831.5,6773,6765,8,14058.5,14050.5,8
202306,5,중동 지역,26002.5,759,119,640,25243.5,11916,13327.5,35649.5,39,39,0,35610.5,35317.5,293
202306,6,유럽 지역,70938,688,659,29,70250,61244,9006,58002.25,319,319,0,57683.25,57400.25,283
202306,7,아프리카 지역,6036,108,108,0,5928,4939,989,18608.25,51,51,0,18557.25,18557.25,0
202306,8,북미주 지역,141158.25,9510.75,7984.75,1526,131647.5,100850,30797.5,197891,21744,21736,8,176147,175304,843
202306,9,중미 지역,23538,86,9,77,23452,9496,13956,93572.5,2222,2222,0,91350.5,78007.5,13343
202306,10,남미 지역,40554,1225,1208,17,39329,32039,7290,62685.25,428,428,0,62257.25,57451.25,4806
202306,11,대양주 지역,32219.25,1897,1501,396,30322.25,20523.5,9798.75,12624.75,719,659,60,11905.75,11496.75,409
202306,12,기타 지역,53,0,0,0,53,53,0,0,0,0,0,0,0,0
202307,1,일본 지역,137912.75,46505.5,31496,15009.5,91407.25,63934.5,27472.75,125415,46081.5,41281.5,4800,79333.5,63477.5,15856
202307,2,극동아시아 지역,561147.25,77736.25,66124,11612.25,483411,409938,73473,464445.25,87922,50345.75,37576.25,376523.25,233063.5,143459.75
202307,3,동남아시아 지역,179618.5,39756.75,35187,4569.75,139861.75,116360.25,23501.5,140063.75,36901.75,35859.75,1042,103162,99789.75,3372.25
202307,4,서남아시아 지역,22169.5,5557,3667.5,1889.5,16612.5,14055.25,2557.25,29584.75,5254,5251,3,24330.75,24304.75,26
202307,5,중동 지역,24064,167,167,0,23897,10916,12981,36161,17,17,0,36144,36009,135
202307,6,유럽 지역,64192.25,1032,651,381,63160.25,54511.25,8649,65948.5,17,17,0,65931.5,65671.5,260
202307,7,아프리카 지역,7432,87,87,0,7345,5350,1995,16626.5,30,30,0,16596.5,16592.5,4
202307,8,북미주 지역,137235,16109,14350,1759,121126,93661.25,27464.75,192907,13900,13898,2,179007,177980,1027
202307,9,중미 지역,26938,153,138,15,26785,10301,16484,86253,638,638,0,85615,74796,10819
202307,10,남미 지역,45568,1376,482,894,44192,38877,5315,65552.25,864,864,0,64688.25,61730.25,2958
202307,11,대양주 지역,23799.25,361,361,0,23438.25,18012.75,5425.5,14811.25,9,9,0,14802.25,14618.25,184
202307,12,기타 지역,60,0,0,0,60,60,0,40,0,0,0,40,40,0
202308,1,일본 지역,118341,39548.5,26388.5,13160,78792.5,54110,24682.5,107868.5,37217.5,33739.5,3478,70651,61785.5,8865.5
202308,2,극동아시아 지역,562288,87902.75,72445.75,15457,474385.25,398704,75681.25,456695.5,92994.5,52854.75,40139.75,363701,225216.75,138484.25
202308,3,동남아시아 지역,185694.5,38062.25,34380.5,3681.75,147632.25,127093.5,20538.75,136076.25,32429.75,31742.75,687,103646.5,99508.25,4138.25
202308,4,서남아시아 지역,18793.25,4684,3563,1121,14109.25,12360.25,1749,23436.5,4344,4329,15,19092.5,18952.5,140
202308,5,중동 지역,25256.75,84,69,15,25172.75,10435.75,14737,33841.25,32,32,0,33809.25,33695.25,114
202308,6,유럽 지역,71048,3157,1815,1342,67891,58478,9413,56922,959,959,0,55963,55368,595
202308,7,아프리카 지역,7613,21,21,0,7592,5683,1909,16011,22,22,0,15989,15987,2
202308,8,북미주 지역,165041.5,14053.25,11075.25,2978,150988.25,107194.25,43794,220905.5,13588,13578,10,207317.5,206761.5,556
202308,9,중미 지역,27301.5,122,116,6,27179.5,9440,17739.5,98281.75,1785,1715,70,96496.75,84713.75,11783
202308,10,남미 지역,37569,1517,1517,0,36052,33011,3041,62614.5,1786,1756,30,60828.5,58066.5,2762
202308,11,대양주 지역,28389.5,1772,1524,248,26617.5,19034.75,7582.75,12434,839,639,200,11595,11159,436
202308,12,기타 지역,11,0,0,0,11,11,0,0,0,0,0,0,0,0
202309,1,일본 지역,135988,46431,30509,15922,89557,59563.5,29993.5,116735.5,40688,37364,3324,76047.5,68646,7401.5
202309,2,극동아시아 지역,585668.5,85791.25,71679,14112.25,499877.25,422982,76895.25,489695.5,89665,53577.5,36087.5,400030.5,245099,154931.5
202309,3,동남아시아 지역,185240,39112.5,34863.75,4248.75,146127.5,120880.5,25247,147417.75,34260,33521,739,113157.75,110587.75,2570
202309,4,서남아시아 지역,19108,3702,3057,645,15406,13628,1778,27146.75,4547,4534,13,22599.75,22595.75,4
202309,5,중동 지역,21490.5,99,99,0,21391.5,9674.5,11717,36106.25,52,52,0,36054.25,35958.25,96
202309,6,유럽 지역,68855.25,66,66,0,68789.25,51102.25,17687,62981,843,843,0,62138,61777.25,360.75
202309,7,아프리카 지역,5382,17,17,0,5365,4446,919,18804,28,28,0,18776,18776,0
202309,8,북미주 지역,150837,15087.25,10628.25,4459,135749.75,94461.25,41288.5,209454.5,15545,15537,8,193909.5,193598.5,311
202309,9,중미 지역,26968,121,121,0,26847,9294,17553,104185.25,1890,1890,0,102295.25,92301.25,9994
202309,10,남미 지역,44615,2274,1086,1188,42341,36489,5852,69129.75,713,713,0,68416.75,65669.75,2747
202309,11,대양주 지역,34897.25,3353,1679,1674,31544.25,20542,11002.25,13711.75,873,697,176,12838.75,12340.75,498
202310,1,일본 지역,140444.5,47022,30778,16244,93422.5,62973.5,30449,110779.75,40819.5,37506.5,3313,69960.25,61173.5,8786.75
202310,2,극동아시아 지역,572336.25,76783.25,65230.25,11553,495553,419562.75,75990.25,470580,83948.75,51597.25,32351.5,386631.25,235088.25,151543
202310,3,동남아시아 지역,193705.5,36107.75,32811,3296.75,157597.75,131081.5,26516.25,144000.25,31751.25,31067.25,684,112249,109071,3178
202310,4,서남아시아 지역,19549,2684,2007,677,16865,12200,4665,24626.5,6003,5906,97,18623.5,18620.5,3
202310,5,중동 지역,20492.5,130,117,13,20362.5,10112.5,10250,35966.25,261,261,0,35705.25,35636.25,69
202310,6,유럽 지역,60298.75,7117.25,4248.25,2869,53181.5,41014.25,12167.25,53118.25,4069,4035,34,49049.25,48522.25,527
202310,7,아프리카 지역,8446,177,164,13,8269,4512,3757,17795,39,39,0,17756,17756,0
202310,8,북미주 지역,159046,13767.75,8726.25,5041.5,145278.25,103328.5,41949.75,201221.75,19533.5,19530.5,3,181688.25,181448.25,240
202310,9,중미 지역,25016.5,86,84,2,24930.5,9275.5,15655,87969.5,487,487,0,87482.5,72935.5,14547
202310,10,남미 지역,42116,950,950,0,41166,39890,1276,56887.25,820,820,0,56067.25,54364.25,1703
202310,11,대양주 지역,31317.25,432,432,0,30885.25,20105.25,10780,13077.25,21,21,0,13056.25,11650.25,1406
202310,12,기타 지역,143,0,0,0,143,143,0,0,0,0,0,0,0,0
202311,1,일본 지역,128507.75,39822.5,26937,12885.5,88685.25,61131.5,27553.75,113118.5,39592,35814,3778,73526.5,64451,9075.5
202311,2,극동아시아 지역,561286.75,93768.75,80296.25,13472.5,467518,393674.75,73843.25,495341.5,92198.5,53168.75,39029.75,403143,236778.5,166364.5
202311,3,동남아시아 지역,188855.25,39867.75,34601.5,5266.25,148987.5,125592.5,23395,148327,36217.25,35406.25,811,112109.75,110598.75,1511
202311,4,서남아시아 지역,18300.5,3884,2716,1168,14416.5,13277.5,1139,27134.75,6369.5,6364.5,5,20765.25,20680.25,85
202311,5,중동 지역,21872.5,233,222,11,21639.5,9891,11748.5,40861.25,678,678,0,40183.25,40057.25,126
202311,6,유럽 지역,58431,11370.75,8241.75,3129,47060.25,39760.25,7300,49930.5,9588,9552,36,40342.5,40260.5,82
202311,7,아프리카 지역,4863,108,108,0,4755,3573,1182,17926,31,31,0,17895,17759,136
202311,8,북미주 지역,174728,13951.75,8465.75,5486,160776.25,107398.75,53377.5,266197,14110.5,13872.5,238,252086.5,251291.5,795
202311,9,중미 지역,37862.25,22,22,0,37840.25,12061,25779.25,95380,2538,2498,40,92842,78099,14743
202311,10,남미 지역,44475,2804,2149,655,41671,35651,6020,60381.75,2873,2873,0,57508.75,54110.75,3398
202311,11,대양주 지역,28343.75,2280,1215,1065,26063.75,15903.5,10160.25,13653.75,689,662,27,12964.75,11871.75,1093
202311,12,기타 지역,130,0,0,0,130,130,0,6,0,0,0,6,6,0
202312,1,일본 지역,146979,46640,31496,15144,100339,68431,31908,101182.5,36939.5,33680,3259.5,64243,57767,6476
202312,2,극동아시아 지역,575370.5,91543.25,78592.25,12951,483827.25,406480,77347.25,478641.75,85165.25,53309.5,31855.75,393476.5,234863.5,158613
202312,3,동남아시아 지역,194551,33708.75,30218.25,3490.5,160842.25,131956.5,28885.75,146012.75,32556.5,31956.5,600,113456.25,111472.25,1984
202312,4,서남아시아 지역,17813,2602,1160,1442,15211,12415,2796,26969.75,2999,2993,6,23970.75,23949.75,21
202312,5,중동 지역,25004.75,149,79,70,24855.75,10799.25,14056.5,39452.25,648,648,0,38804.25,38715.25,89
202312,6,유럽 지역,67754.75,12659.25,9171.25,3488,55095.5,43336.25,11759.25,59735,9765.25,9695.25,70,49969.75,49744.75,225
202312,7,아프리카 지역,7373.5,589,93,496,6784.5,3936,2848.5,20778.5,15,15,0,20763.5,20762.5,1
202312,8,북미주 지역,159390.75,10918.75,7533.75,3385,148472,99682,48790,218146.25,8498.75,8494.75,4,209647.5,208734.5,913
202312,9,중미 지역,20241,60,60,0,20181,9914,10267,95264,0,0,0,95264,81644,13620
202312,10,남미 지역,32757,0,0,0,32757,29573,3184,60837.5,0,0,0,60837.5,55815.5,5022
202312,11,대양주 지역,26367.25,2639,1257,1382,23728.25,14444.25,9284,11646.5,1029,700,329,10617.5,9546.5,1071
202312,12,기타 지역,60,10,10,0,50,50,0,0,0,0,0,0,0,0
202401,1,일본 지역,106855,35385,23297.5,12087.5,71470,46298,25172,114457,42237.5,39506,2731.5,72219.5,64450.5,7769
202401,2,극동아시아 지역,617279.25,92501.25,78948.75,13552.5,524778,448452.5,76325.5,502376.75,92627.75,51391.25,41236.5,409749,222881.5,186867.5
202401,3,동남아시아 지역,202069.75,33340.75,30072.25,3268.5,168729,140838,27891,147605,33931.5,33345.5,586,113673.5,111330.5,2343
202401,4,서남아시아 지역,26620.75,5876,3771,2105,20744.75,15341.25,5403.5,25457.75,5795,5744,51,19662.75,19658.75,4
202401,5,중동 지역,19773.25,153,108,45,19620.25,11125,8495.25,40247,1275,1275,0,38972,38698,274
202401,6,유럽 지역,49470.75,7747.25,5891.25,1856,41723.5,37360.75,4362.75,58103.25,15407.25,15400.25,7,42696,42459,237
202401,7,아프리카 지역,7025.5,218,174,44,6807.5,4448,2359.5,13413.25,341.25,341.25,0,13072,13068,4
202401,8,북미주 지역,144118.5,23464,15946,7518,120654.5,83615,37039.5,236384,9874.25,9874.25,0,226509.75,224996.75,1513
202401,9,중미 지역,31762,152,36,116,31610,10724,20886,90107.5,0,0,0,90107.5,75854.5,14253
202401,10,남미 지역,47415,2966,2898,68,44449,40608,3841,64588.5,391,391,0,64197.5,59545.5,4652
202401,11,대양주 지역,34880.25,251,250,1,34629.25,20483.25,14146,13329,43,43,0,13286,12228,1058
202401,12,기타 지역,70,0,0,0,70,70,0,0,0,0,0,0,0,0
202402,1,일본 지역,126026.5,44128,31021,13107,81898.5,56980,24918.5,106310,38652.5,35267.5,3385,67657.5,60477,7180.5
202402,2,극동아시아 지역,513209.5,78792.25,65910.5,12881.75,434417.25,365691,68726.25,411960.25,75433.75,47740,27693.75,336526.5,208635,127891.5
202402,3,동남아시아 지역,186852,34249.25,29954.25,4295,152602.75,129507.25,23095.5,143972.25,34977.75,34096.75,881,108994.5,105317.5,3677
202402,4,서남아시아 지역,20628.25,4413,2813,1600,16215.25,13986.25,2229,25386.75,4846.25,4840.25,6,20540.5,20515.5,25
202402,5,중동 지역,13241.5,140,122,18,13101.5,7836.5,5265,33112,819,819,0,32293,32227,66
202402,6,유럽 지역,48134.5,12052.25,10329.25,1723,36082.25,30785.25,5297,61595.75,12325,12317,8,49270.75,49139.75,131
202402,7,아프리카 지역,4490,1017,222,795,3473,2598,875,15150,128,128,0,15022,15022,0
202402,8,북미주 지역,183397.75,13912.5,5103.5,8809,169485.25,103425.5,66059.75,258513.25,21690.75,21685.75,5,236822.5,236136.5,686
202402,9,중미 지역,25532,11,10,1,25521,8054,17467,84274,1868,1868,0,82406,65851,16555
202402,10,남미 지역,33077,1877,1857,20,31200,28055,3145,57849,1393,1393,0,56456,52102,4354
202402,11,대양주 지역,28704.5,4431,1940,2491,24273.5,13057,11216.5,14732.5,1585,1045,540,13147.5,11711.5,1436
202402,12,기타 지역,94,0,0,0,94,94,0,0,0,0,0,0,0,0
202403,1,일본 지역,134852,51269,36388,14881,83583,57356.5,26226.5,126129.75,47717.5,43767.5,3950,78412.25,70415.25,7997
202403,2,극동아시아 지역,560252.75,85913.75,73390.75,12523,474339,391704.75,82634.25,519119.5,79605.25,49907.5,29697.75,439514.25,273180.5,166333.75
202403,3,동남아시아 지역,206077,36790.25,32942,3848.25,169286.75,149425.25,19861.5,152195,34582.5,33342.5,1240,117612.5,112599.75,5012.75
202403,4,서남아시아 지역,23169,4293,3233,1060,18876,16350,2526,29794.25,4545.25,4538.25,7,25249,24755,494
202403,5,중동 지역,29478,182,182,0,29296,13005,16291,40467,259,259,0,40208,40007,201
202403,6,유럽 지역,69720,7938.25,7279.25,659,61781.75,50502.5,11279.25,55746.25,3809,3798,11,51937.25,51333.25,604
202403,7,아프리카 지역,6001,138,105,33,5863,5395,468,14247.25,42,42,0,14205.25,13980.25,225
202403,8,북미주 지역,256652.75,12638.25,8359.25,4279,244014.5,154123.5,89891,236325.25,8344.75,8284.75,60,227980.5,226403.5,1577
202403,9,중미 지역,37470,42,42,0,37428,10409,27019,97647.5,0,0,0,97647.5,84061.75,13585.75
202403,10,남미 지역,46697,16,16,0,46681,32889,13792,61610.75,0,0,0,61610.75,57035.75,4575
202403,11,대양주 지역,35518.5,195,195,0,35323.5,20710.75,14612.75,12817,36,36,0,12781,11453,1328
202403,12,기타 지역,16,0,0,0,16,16,0,9,0,0,0,9,9,0
202404,1,일본 지역,145278,49967,33422.5,16544.5,95311,59400,35911,108758.25,45096.5,41066,4030.5,63661.75,58793.75,4868
202404,2,극동아시아 지역,585469.25,81308.5,71386.25,9922.25,504160.75,438859,65301.75,511521.25,79781.5,46211.25,33570.25,431739.75,254313.75,177426
202404,3,동남아시아 지역,201197.25,36929,32932,3997,164268.25,144960.25,19308,153315.75,36767.75,35909.75,858,116548,112348,4200
202404,4,서남아시아 지역,21646.25,3864,2821,1043,17782.25,15924,1858.25,27533.75,5148,5134,14,22385.75,22370.75,15
202404,5,중동 지역,17507.5,437,41,396,17070.5,10197.5,6873,42505.75,538,538,0,41967.75,41359.75,608
202404,6,유럽 지역,74619,15041.25,12800.25,2241,59577.75,51878.75,7699,59578.5,9558.25,9548.25,10,50020.25,48294.25,1726
202404,7,아프리카 지역,7928,494,216,278,7434,5415,2019,15022.5,149,149,0,14873.5,13773.5,1100
202404,8,북미주 지역,178699.75,8548.25,5694.25,2854,170151.5,122004.75,48146.75,234621.5,10241.5,10177.5,64,224380,222271,2109
202404,9,중미 지역,30600.5,27,27,0,30573.5,9192,21381.5,101777.5,0,0,0,101777.5,81784.75,19992.75
202404,10,남미 지역,47326,1520,916,604,45806,38862,6944,62520.5,352,352,0,62168.5,58268.5,3900
202404,11,대양주 지역,37387,3459,1649,1810,33928,21474.25,12453.75,11206.25,944,916,28,10262.25,9119.25,1143
202404,12,기타 지역,60,0,0,0,60,60,0,0,0,0,0,0,0,0
202405,1,일본 지역,134318.5,42937,26719.5,16217.5,91381.5,52224.5,39157,115227.75,40865.75,38494.25,2371.5,74362,69754,4608
202405,2,극동아시아 지역,623189.75,78921.25,69708.25,9213,544268.5,483193,61075.5,517936.5,72976.75,43068.5,29908.25,444959.75,271469.5,173490.25
202405,3,동남아시아 지역,192421.25,31176.25,27432.5,3743.75,161245,137329.5,23915.5,145732.5,31399,30980,419,114333.5,110592.5,3741
202405,4,서남아시아 지역,17573,3798,2690,1108,13775,12524,1251,24967.5,5548,5540,8,19419.5,19412.5,7
202405,5,중동 지역,17506.5,184.25,184.25,0,17322.25,11442.75,5879.5,31331.75,148,148,0,31183.75,31115.75,68
202405,6,유럽 지역,64227,10077.75,6403.25,3674.5,54149.25,46198.25,7951,56089.5,6659,6656,3,49430.5,49160.5,270
202405,7,아프리카 지역,5224,171,117,54,5053,5002,51,14379.5,206,206,0,14173.5,14173.5,0
202405,8,북미주 지역,191416.75,16737.5,11413.75,5323.75,174679.25,125187,49492.25,262549.25,23778.5,23770.5,8,238770.75,237601.75,1169
202405,9,중미 지역,36093.25,72,71,1,36021.25,10293.5,25727.75,109714.5,3458,3458,0,106256.5,85991.5,20265
202405,10,남미 지역,37159,1640,1506,134,35519,28873,6646,67455,2758,2698,60,64697,60989,3708
202405,11,대양주 지역,28349.75,2520,1503,1017,25829.75,17288,8541.75,12413,812,707,105,11601,11125,476
202405,12,기타 지역,114,0,0,0,114,114,0,1,0,0,0,1,1,0
202406,1,일본 지역,147143,48249.5,30647.5,17602,98893.5,57725,41168.5,112709.5,42074,39027.5,3046.5,70635.5,64936,5699.5
202406,2,극동아시아 지역,591211.25,89486.75,75725.75,13761,501724.5,455039,46685.5,508112.75,81583.25,47676,33907.25,426529.5,249840.75,176688.75
202406,3,동남아시아 지역,205253,33190.25,29724.25,3466,172062.75,148919,23143.75,146225.5,33215.5,32997.5,218,113010,110140.75,2869.25
202406,4,서남아시아 지역,19790.75,3285.75,2633.75,652,16505,15698,807,27945,3980,3975,5,23965,23938,27
202406,5,중동 지역,21939,34,34,0,21905,13425.25,8479.75,38161.5,4919.25,4915.25,4,33242.25,33178.25,64
202406,6,유럽 지역,73043,16967,15374,1593,56076,51440,4636,62663.75,15738,15709,29,46925.75,46859.75,66
202406,7,아프리카 지역,13696,499,296,203,13197,10544,2653,10581.75,55,55,0,10526.75,10526.75,0
202406,8,북미주 지역,181065.5,16923,10659,6264,164142.5,109196.25,54946.25,261450,17848.75,17840.75,8,243601.25,243121.25,480
202406,9,중미 지역,32259,28,28,0,32231,10807,21424,93798,460,460,0,93338,76579,16759
202406,10,남미 지역,35785,202,202,0,35583,30748,4835,50346.25,10,10,0,50336.25,47684.25,2652
202406,11,대양주 지역,40040.75,686,686,0,39354.75,24469.5,14885.25,13409,53,53,0,13356,12483,873
202406,12,기타 지역,151,56,56,0,95,95,0,16,0,0,0,16,16,0
202407,1,일본 지역,133802.75,41121.5,24588.5,16533,92681.25,52518.5,40162.75,119202.25,41637.5,39286,2351.5,77564.75,71574.25,5990.5
202407,2,극동아시아 지역,587839.75,76935.75,59820.75,17115,510904,450131,60773,510943.5,78874.75,42290.75,36584,432068.75,251699,180369.75
202407,3,동남아시아 지역,205051.75,37856.5,30674,7182.5,167195.25,146803.25,20392,145245.25,35352.5,34866.5,486,109892.75,108530.75,1362
202407,4,서남아시아 지역,24631.5,4865,3589,1276,19766.5,15586,4180.5,28488.5,6370.25,6357.25,13,22118.25,22105.25,13
202407,5,중동 지역,31584.25,1710,129,1581,29874.25,15264.75,14609.5,35498.5,75,75,0,35423.5,35317.5,106
202407,6,유럽 지역,72945,5212.25,4825.25,387,67732.75,60272.75,7460,57478,3541,3537,4,53937,53845,92
202407,7,아프리카 지역,8181,167,156,11,8014,7953,61,11510,21,21,0,11489,11485,4
202407,8,북미주 지역,159543.25,14343.25,7793.5,6549.75,145200,99800.25,45399.75,267955,19285,19279,6,248670,247369,1301
202407,9,중미 지역,26741.5,8,8,0,26733.5,10144,16589.5,108456.5,2697,2479,218,105759.5,94029.5,11730
202407,10,남미 지역,39713,2075,1673,402,37638,34208,3430,69650,2864,2864,0,66786,60926,5860
202407,11,대양주 지역,38916,2887,1613,1274,36029,22608.5,13420.5,14710.5,50,50,0,14660.5,13722.5,938
202407,12,기타 지역,95,0,0,0,95,95,0,8,0,0,0,8,8,0
202408,1,일본 지역,122131.25,35667.5,22569.5,13098,86463.75,52263.5,34200.25,111399.5,33881,31782,2099,77518.5,72245.5,5273
202408,2,극동아시아 지역,579110.75,85038.5,72806.5,12232,494072.25,444207.5,49864.75,520745.75,83369.25,46639.5,36729.75,437376.5,253130.75,184245.75
202408,3,동남아시아 지역,222744.5,35190,30044,5146,187554.5,164128.5,23426,134002.75,27769.75,27323.75,446,106233,104487.5,1745.5
202408,4,서남아시아 지역,23534,3133,1707,1426,20401,18095,2306,23352.25,2706,2705,1,20646.25,20628.25,18
202408,5,중동 지역,24968.25,487,456,31,24481.25,14276.25,10205,31430.25,269,269,0,31161.25,30894.25,267
202408,6,유럽 지역,72849.25,10259,9747,512,62590.25,54456,8134.25,58083.75,10461.5,10440.5,21,47622.25,47526.25,96
202408,7,아프리카 지역,7497,250,71,179,7247,6492,755,10379.25,24,24,0,10355.25,10355.25,0
202408,8,북미주 지역,174509.75,28091,15049.5,13041.5,146418.75,99403,47015.75,261613.75,9566.25,9564.25,2,252047.5,251469.5,578
202408,9,중미 지역,30345,2452,12,2440,27893,11340,16553,100904.25,20,20,0,100884.25,84269.5,16614.75
202408,10,남미 지역,45967,1197,1092,105,44770,38888,5882,60909.5,885,885,0,60024.5,55875.5,4149
202408,11,대양주 지역,34164.25,339,339,0,33825.25,23207,10618.25,12415,55,55,0,12360,11310,1050
202408,12,기타 지역,56,0,0,0,56,56,0,0,0,0,0,0,0,0
202409,1,일본 지역,129299.75,39086.5,24648.5,14438,90213.25,58667,31546.25,111228,39639,37259.5,2379.5,71589,65478.5,6110.5
202409,2,극동아시아 지역,537220.5,82170.75,71412,10758.75,455049.75,411284.5,43765.25,465544.75,70893.5,40921.75,29971.75,394651.25,229505,165146.25
202409,3,동남아시아 지역,197377,33169,28325.25,4843.75,164208,151561.25,12646.75,125754.25,28881.75,28627.75,254,96872.5,95042.5,1830
202409,4,서남아시아 지역,20391.5,4692,3685,1007,15699.5,13272,2427.5,21527,5817,5802,15,15710,15702,8
202409,5,중동 지역,27096.25,635,625,10,26461.25,11111.25,15350,30101.75,52,52,0,30049.75,29850.75,199
202409,6,유럽 지역,65146.5,10873.75,9891.75,982,54272.75,47676.75,6596,52500.75,9903.75,9885.75,18,42597,42573,24
202409,7,아프리카 지역,13490,446,274,172,13044,9064,3980,15439.25,86,86,0,15353.25,15352.25,1
202409,8,북미주 지역,167295.75,9020.75,6111.75,2909,158275,99481.25,58793.75,221126.75,15544.75,15506.75,38,205582,205389,193
202409,9,중미 지역,26391.75,134,134,0,26257.75,7098,19159.75,83378.5,951,951,0,82427.5,70362.5,12065
202409,10,남미 지역,26621,258,258,0,26363,24306,2057,57464.75,0,0,0,57464.75,53749.75,3715
202409,11,대양주 지역,33067.25,347,347,0,32720.25,20371.5,12348.75,12267,32,32,0,12235,11709,526
202409,12,기타 지역,50,42,42,0,8,8,0,0,0,0,0,0,0,0
202410,1,일본 지역,141160.25,43836.5,28557.5,15279,97323.75,61133.5,36190.25,117819.5,41160.5,38246.5,2914,76659,70397.5,6261.5
202410,2,극동아시아 지역,602789.25,104235.5,88935.5,15300,498553.75,446565.25,51988.5,499268.5,88070,52887.25,35182.75,411198.5,235515,175683.5
202410,3,동남아시아 지역,205378.25,36676.75,31635.25,5041.5,168701.5,145135.75,23565.75,135286.25,31774.75,30956.75,818,103511.5,100894.5,2617
202410,4,서남아시아 지역,21910.75,3323,2391,932,18587.75,15625.75,2962,24887.5,4434.25,4427.25,7,20453.25,20324.25,129
202410,5,중동 지역,22043.5,90,56,34,21953.5,9130,12823.5,28204.25,193,193,0,28011.25,27947.25,64
202410,6,유럽 지역,66409,9605.75,9266.75,339,56803.25,44353.25,12450,57985,13036,12982,54,44949,44780,169
202410,7,아프리카 지역,6363,239,117,122,6124,5059,1065,13913,36,36,0,13877,13874,3
202410,8,북미주 지역,153964.25,11545.5,10246.5,1299,142418.75,93384.5,49034.25,256186.75,15487.25,15483.25,4,240699.5,239229,1470.5
202410,9,중미 지역,24805,133,107,26,24672,9652,15020,116297.75,2851,2851,0,113446.75,98123.75,15323
202410,10,남미 지역,42366,3277,2847,430,39089,35576,3513,81838,3932,3832,100,77906,70559,7347
202410,11,대양주 지역,30124.5,222,222,0,29902.5,19108.75,10793.75,14349,84,84,0,14265,13646,619
202410,12,기타 지역,128,0,0,0,128,128,0,25,25,25,0,0,0,0
202411,1,일본 지역,141856,42859.5,26570,16289.5,98996.5,60995.5,38001,113661,38806.5,36842,1964.5,74854.5,69158.5,5696
202411,2,극동아시아 지역,583401.25,92791.5,77034.75,15756.75,490609.75,448423,42186.75,496944.5,91225.75,50700,40525.75,405718.75,228616.5,177102.25
202411,3,동남아시아 지역,194855,32398.75,28264,4134.75,162456.25,145809,16647.25,135296.5,32685.5,31976.5,709,102611,100095,2516
202411,4,서남아시아 지역,21687.75,2781.25,2023.25,758,18906.5,14654.5,4252,25180.5,5344.75,5336.75,8,19835.75,19829.75,6
202411,5,중동 지역,24788.75,114,38,76,24674.75,12358.75,12316,35253.75,300,300,0,34953.75,34869.75,84
202411,6,유럽 지역,52215.75,7880.25,5254.5,2625.75,44335.5,39632.5,4703,53252.5,7795.75,7791.75,4,45456.75,45375.75,81
202411,7,아프리카 지역,9576,108,58,50,9468,7182,2286,19323.5,51,51,0,19272.5,19272.5,0
202411,8,북미주 지역,153246.5,7482.75,6718.75,764,145763.75,91335.25,54428.5,256437.5,8449,8441,8,247988.5,246899.5,1089
202411,9,중미 지역,25836.5,67,67,0,25769.5,9119.5,16650,83994.5,0,0,0,83994.5,70974.25,13020.25
202411,10,남미 지역,37136,1243,1176,67,35893,33053,2840,65681.25,806,806,0,64875.25,59277.25,5598
202411,11,대양주 지역,38816.5,96,96,0,38720.5,21894,16826.5,14726,51,51,0,14675,14311,364
202411,12,기타 지역,270,0,0,0,270,270,0,0,0,0,0,0,0,0
202412,1,일본 지역,149889.75,49048,30844.5,18203.5,100841.75,69023.5,31818.25,103015,38478.5,35726.5,2752,64536.5,59191.5,5345
202412,2,극동아시아 지역,640629,103042.5,89966,13076.5,537586.5,475730.75,61855.75,517223,92592,54328.75,38263.25,424631,248682,175949
202412,3,동남아시아 지역,197122.5,35816.75,32592.25,3224.5,161305.75,145813.75,15492,138998.25,32279.5,31806.5,473,106718.75,103168.75,3550
202412,4,서남아시아 지역,24068.25,3947,2669,1278,20121.25,13840.25,6281,23160.75,4576.25,4576.25,0,18584.5,18570.5,14
202412,5,중동 지역,24759,269,227,42,24490,11695,12795,34470.75,151,151,0,34319.75,34235.75,84
202412,6,유럽 지역,62638,9374.5,8922.5,452,53263.5,47201,6062.5,58663.25,6562.25,6555.25,7,52101,52036,65
202412,7,아프리카 지역,10245,191,190,1,10054,7361,2693,19022.75,93,93,0,18929.75,18929.75,0
202412,8,북미주 지역,161017.5,11378.5,10341.5,1037,149639,92655,56984,256211.75,16167.25,16159.25,8,240044.5,238645.5,1399
202412,9,중미 지역,27301,54,54,0,27247,10585,16662,101457.25,1688,1688,0,99769.25,79955.25,19814
202412,10,남미 지역,46260,1366,823,543,44894,39504,5390,73264,952,952,0,72312,69669,2643
202412,11,대양주 지역,34793,277,277,0,34516,20276.25,14239.75,11083,64,64,0,11019,10673,346
202412,12,기타 지역,172,0,0,0,172,172,0,0,0,0,0,0,0,0
202501,1,일본 지역,107079,36195.5,20364,15831.5,70883.5,42368.5,28515,121926.75,48392,46476,1916,73534.75,69998.25,3536.5
202501,2,극동아시아 지역,663898.75,98179.75,86630.75,11549,565719,507915.25,57803.75,493778.5,84826.25,46110.5,38715.75,408952.25,225279.25,183673
202501,3,동남아시아 지역,190125.5,27002.5,24046,2956.5,163123,146936,16187,134304.25,26025.5,25720.5,305,108278.75,103970.25,4308.5
202501,4,서남아시아 지역,22679.5,5557.25,4618.25,939,17122.25,13528.25,3594,21892.25,4973.75,4969.75,4,16918.5,16911.5,7
202501,5,중동 지역,27548.75,287,227,60,27261.75,12310.75,14951,39615.75,272,272,0,39343.75,39281.75,62
202501,6,유럽 지역,68678,6218,5992,226,62460,55273,7187,53099,11363,11355,8,41736,41658,78
202501,7,아프리카 지역,8747,218,117,101,8529,7948,581,15025.25,62,62,0,14963.25,14963.25,0
202501,8,북미주 지역,208718.25,16951,11671.75,5279.25,191767.25,109992.75,81774.5,246471.5,14103,14077,26,232368.5,232106.5,262
202501,9,중미 지역,26740.5,5,0,5,26735.5,9972,16763.5,88631.5,2398,2398,0,86233.5,75338.75,10894.75
202501,10,남미 지역,52114,1097,1063,34,51017,38888,12129,71065.5,2989,2985,4,68076.5,64591.5,3485
202501,11,대양주 지역,30351,152,150,2,30199,18281,11918,13583,32,32,0,13551,13051,500
202501,12,기타 지역,157,0,0,0,157,157,0,0,0,0,0,0,0,0
202502,1,일본 지역,125473,43779,27500.5,16278.5,81694,49575,32119,111934.75,38696.25,36219.75,2476.5,73238.5,67023,6215.5
202502,2,극동아시아 지역,455982.25,64635.5,52584.5,12051,391346.75,338770,52576.75,463381.25,81545,52069.75,29475.25,381836.25,236858,144978.25
202502,3,동남아시아 지역,188482.25,31999.25,25343.25,6656,156483,136054.5,20428.5,154470,30811,29074.75,1736.25,123659,118002,5657
202502,4,서남아시아 지역,21313.75,2538.25,1960,578.25,18775.5,16234.5,2541,20148,3024,3019,5,17124,16924,200
202502,5,중동 지역,25851.25,921,921,0,24930.25,13232.75,11697.5,25506.25,114,114,0,25392.25,25348.25,44
202502,6,유럽 지역,57426.25,4078.5,3755.5,323,53347.75,42907,10440.75,48906.5,6455,6453,2,42451.5,42299.5,152
202502,7,아프리카 지역,6533,75,75,0,6458,5613,845,14763,51,51,0,14712,14704,8
202502,8,북미주 지역,188069.25,9111.5,7617,1494.5,178957.75,109875.5,69082.25,287647.5,28812.75,28705.75,107,258834.75,257886.75,948
202502,9,중미 지역,22274,41,41,0,22233,7433,14800,88710.5,382,382,0,88328.5,66669.25,21659.25
202502,10,남미 지역,41587,2492,1279,1213,39095,32486,6609,69146.75,1048,1048,0,68098.75,64812.75,3286
202502,11,대양주 지역,31333,119,119,0,31214,17395.5,13818.5,12620,31,31,0,12589,11363,1226
202502,12,기타 지역,120,6,6,0,114,114,0,4,0,0,0,4,4,0
202503,1,일본 지역,146854.5,44974.5,27292.5,17682,101880,66595.5,35284.5,117655.5,44895,41962,2933,72760.5,66150.25,6610.25
202503,2,극동아시아 지역,563690.75,84379.75,72693.75,11686,479311,417698.75,61612.25,520683.25,83810.5,48151,35659.5,436872.75,269599,167273.75
202503,3,동남아시아 지역,205359.75,35427,31347,4080,169932.75,152717.5,17215.25,164044,37681,36972,709,126363,116461,9902
202503,4,서남아시아 지역,21473,3664,2677,987,17809,15222.75,2586.25,22091,4315.5,4302.5,13,17775.5,17650.5,125
202503,5,중동 지역,27867.75,184,183,1,27683.75,10329,17354.75,36285,1337,1337,0,34948,34892,56
202503,6,유럽 지역,72240.75,5498.5,5366.5,132,66742.25,56027.75,10714.5,39408,10848.75,10841.75,7,28559.25,28505.25,54
202503,7,아프리카 지역,10307.5,206,104,102,10101.5,8343.5,1758,12025,151,151,0,11874,11873,1
202503,8,북미주 지역,242974.75,21853.25,13624,8229.25,221121.5,129496.25,91625.25,266014.25,11651.75,11553.75,98,254362.5,253399.5,963
202503,9,중미 지역,30780.75,1405,65,1340,29375.75,10522,18853.75,97242.25,0,0,0,97242.25,76111.5,21130.75
202503,10,남미 지역,47431,110,110,0,47321,38132,9189,61662.75,536,536,0,61126.75,57716.75,3410
202503,11,대양주 지역,37561.25,180,180,0,37381.25,23128.75,14252.5,12953,72,72,0,12881,11890,991
202503,12,기타 지역,119,0,0,0,119,119,0,0,0,0,0,0,0,0
202504,1,일본 지역,137797,44323,26003.5,18319.5,93474,59047.5,34426.5,117781,41971.5,39331,2640.5,75809.5,70318,5491.5
202504,2,극동아시아 지역,609822.75,82638.75,69261.5,13377.25,527184,467080,60104,530728,82532.75,47221.5,35311.25,448195.25,267916.25,180279
202504,3,동남아시아 지역,197471.75,32521.5,27487,5034.5,164950.25,146065.25,18885,164818.5,32311,31314,997,132507.5,122797.5,9710
202504,4,서남아시아 지역,24156,3402.5,2651.5,751,20753.5,16855.5,3898,22689.5,4475.5,4431.5,44,18214,18061,153
202504,5,중동 지역,22803.5,55,54,1,22748.5,13531.75,9216.75,34285.75,274,274,0,34011.75,33947.75,64
202504,6,유럽 지역,63225.25,2952.25,2778.25,174,60273,49467.5,10805.5,48164.25,12130,12123,7,36034.25,35879.25,155
202504,7,아프리카 지역,7420,47,47,0,7373,7255,118,10602.25,56,56,0,10546.25,10384.25,162
202504,8,북미주 지역,203660.5,29428.25,16382,13046.25,174232.25,108995.75,65236.5,238856,12977.75,12907.75,70,225878.25,224279.25,1599
202504,9,중미 지역,27126.25,2458,8,2450,24668.25,10316,14352.25,86049.25,3144,3138,6,82905.25,70981.25,11924
202504,10,남미 지역,56349,1321,1290,31,55028,40091,14937,82072,2833,2833,0,79239,75717,3522
202504,11,대양주 지역,41770.75,260,260,0,41510.75,25964,15546.75,12644.75,119,119,0,12525.75,11425.75,1100
202504,12,기타 지역,101,0,0,0,101,101,0,0,0,0,0,0,0,0
202505,1,일본 지역,156307.25,49237.5,27836,21401.5,107069.75,58720.5,48349.25,120336.5,43777,40431,3346,76559.5,70897.5,5662
202505,2,극동아시아 지역,578975,91009.75,77593.25,13416.5,487965.25,436141.25,51824,565496.5,94678.25,49193.75,45484.5,470818.25,272026,198792.25
202505,3,동남아시아 지역,197259.5,29785,26297.25,3487.75,167474.5,146994.25,20480.25,161886.75,31027,30638,389,130859.75,118698.75,12161
202505,4,서남아시아 지역,22506.25,4057,2267,1790,18449.25,14814.25,3635,21150.25,3926,3922,4,17224.25,17219.25,5
202505,5,중동 지역,35652,4705.25,2632.25,2073,30946.75,10698.75,20248,27001,5110.25,5098.25,12,21890.75,21860.75,30
202505,6,유럽 지역,58487.5,6615.5,6516.5,99,51872,45822.25,6049.75,48457.75,8692,8692,0,39765.75,39716.75,49
202505,7,아프리카 지역,15838,167,163,4,15671,10325,5346,12156.75,162,162,0,11994.75,11994.75,0
202505,8,북미주 지역,244382.5,15387.25,11516.75,3870.5,228995.25,122377.25,106618,241656.25,20042,20026,16,221614.25,219454.25,2160
202505,9,중미 지역,26205,3596,384,3212,22609,10540,12069,107631.75,350,350,0,107281.75,85928.5,21353.25
202505,10,남미 지역,59851,1101,796,305,58750,45248,13502,92067.25,948,948,0,91119.25,82350.25,8769
202505,11,대양주 지역,37622.5,259,259,0,37363.5,25351,12012.5,16875.5,191,191,0,16684.5,14758.5,1926
202505,12,기타 지역,54,4,4,0,50,50,0,0,0,0,0,0,0,0
202506,1,일본 지역,156867,43418,24974,18444,113449,65631.5,47817.5,113915,39492.5,37020.5,2472,74422.5,68447.5,5975
202506,2,극동아시아 지역,546550.25,90818.75,80940.75,9878,455731.5,418314.5,37417,493089.75,87241.25,44845.5,42395.75,405848.5,230038,175810.5
202506,3,동남아시아 지역,193940.25,33937.75,30142,3795.75,160002.5,139194.75,20807.75,153058,31710.25,31277.25,433,121347.75,115393.75,5954
202506,4,서남아시아 지역,22141,2378,2199,179,19763,13284,6479,19640.5,2565,2562,3,17075.5,16965.5,110
202506,5,중동 지역,17669.75,5448,2109,3339,12221.75,7519.75,4702,36217.5,12235.25,12189.25,46,23982.25,23850.25,132
202506,6,유럽 지역,70488.75,16201.5,13399.5,2802,54287.25,43404.5,10882.75,50058.25,15178,15174,4,34880.25,34766.25,114
202506,7,아프리카 지역,11928,1462,441,1021,10466,6578,3888,11156.75,147,147,0,11009.75,11005.75,4
202506,8,북미주 지역,159702.75,18102.5,14672,3430.5,141600.25,87703.5,53896.75,268040.25,14944.75,14922.75,22,253095.5,252598.5,497
202506,9,중미 지역,28506.75,59,38,21,28447.75,8953,19494.75,106364.75,0,0,0,106364.75,79624,26740.75
202506,10,남미 지역,55307,519,511,8,54788,35195,19593,80371,0,0,0,80371,75711,4660
202506,11,대양주 지역,38801.75,483,483,0,38318.75,26214.5,12104.25,15202.5,26,26,0,15176.5,14712.5,464
202506,12,기타 지역,44,0,0,0,44,44,0,0,0,0,0,0,0,0
202507,1,일본 지역,155003,44839,25835,19004,110164,62280,47884,111524,40039,36973,3066,71485,66809.5,4675.5
202507,2,극동아시아 지역,565900,99255.75,88686.5,10569.25,466644.25,422285.75,44358.5,521536,96697.5,54676.75,42020.75,424838.5,251102.25,173736.25
202507,3,동남아시아 지역,197470.25,35993,31946.5,4046.5,161477.25,139345.75,22131.5,161531.5,30349.25,29914.25,435,131182.25,127526,3656.25
202507,4,서남아시아 지역,22139,4157,2490,1667,17982,13064,4918,26504.25,5313,5308,5,21191.25,21181.25,10
202507,5,중동 지역,19350.25,1265,734,531,18085.25,9481.25,8604,30418.25,4242,4222,20,26176.25,25944.25,232
202507,6,유럽 지역,60384.5,6686.5,6410.5,276,53698,48179,5519,45936.75,9121.25,9116.25,5,36815.5,36763.5,52
202507,7,아프리카 지역,7807,133,129,4,7674,7041,633,7762,219,219,0,7543,7543,0
202507,8,북미주 지역,185388.5,14447.25,11625.25,2822,170941.25,112346.25,58595,255029.75,18077.5,17969.5,108,236952.25,236447.25,505
202507,9,중미 지역,21042,8,6,2,21034,9445,11589,105930.75,2882,2882,0,103048.75,83922,19126.75
202507,10,남미 지역,65694,1709,1311,398,63985,47672,16313,71776,3230,3070,160,68546,62536,6010
202507,11,대양주 지역,38114,701,698,3,37413,26877.75,10535.25,15559.25,33,33,0,15526.25,14993.25,533
202507,12,기타 지역,58,0,0,0,58,58,0,0,0,0,0,0,0,0
202508,1,일본 지역,138214.25,39283,22193.5,17089.5,98931.25,55628,43303.25,107033.5,35470,33417,2053,71563.5,66325,5238.5
202508,2,극동아시아 지역,571625,86100.75,76022,10078.75,485524.25,437364.25,48160,503318.5,82326.5,46003.25,36323.25,420992,241227,179765
202508,3,동남아시아 지역,190002.5,37281.75,34385,2896.75,152720.75,135571.25,17149.5,146243.75,33528,33020,508,112715.75,107653.75,5062
202508,4,서남아시아 지역,19848.25,4657,3727,930,15191.25,13082.25,2109,21543.75,5365,5356,9,16178.75,15968.75,210
202508,5,중동 지역,22505.75,6779.25,2867.25,3912,15726.5,9104.5,6622,22522.25,7783,7751,32,14739.25,14722.25,17
202508,6,유럽 지역,56309.5,5617.25,5121.25,496,50692.25,43435,7257.25,43528.5,11690.25,11594.25,96,31838.25,31817.25,21
202508,7,아프리카 지역,5043,179,161,18,4864,4737,127,6953,194,194,0,6759,6743,16
202508,8,북미주 지역,154270.25,10302.75,7893.75,2409,143967.5,90349,53618.5,221363.5,14815.5,14807.5,8,206548,206172,376
202508,9,중미 지역,19051.75,6,2,4,19045.75,9281.25,9764.5,108700,0,0,0,108700,92667.25,16032.75
202508,10,남미 지역,45763,138,138,0,45625,38809,6816,78579.5,0,0,0,78579.5,72983.5,5596
202508,11,대양주 지역,43152.75,369,369,0,42783.75,29113.75,13670,16563.25,20,20,0,16543.25,15631.25,912
202508,12,기타 지역,56,0,0,0,56,56,0,0,0,0,0,0,0,0
202509,1,일본 지역,149111.75,41794,25123,16671,107317.75,62104.5,45213.25,111876,40334.5,37554,2780.5,71541.5,65788.5,5753
202509,2,극동아시아 지역,577287,96762.5,79518.5,17244,480524.5,430830.5,49694,508583.25,86930.75,50889,36041.75,421652.5,235856.25,185796.25
202509,3,동남아시아 지역,190762,33363.25,30783.25,2580,157398.75,135765.5,21633.25,136184,27912.5,27617.5,295,108271.5,104597.5,3674
202509,4,서남아시아 지역,21778.75,1921,1756,165,19857.75,16658,3199.75,22267,2054.5,2049.5,5,20212.5,19952.5,260
202509,5,중동 지역,25319.75,3903,2357,1546,21416.75,8706.75,12710,31557.5,7523.75,7493.75,30,24033.75,23941.75,92
202509,6,유럽 지역,74159.25,19599,12301.25,7297.75,54560.25,43944,10616.25,38653,8638.5,8487.5,151,30014.5,30002.5,12
202509,7,아프리카 지역,9967,396,394,2,9571,7557,2014,11572.25,129,129,0,11443.25,11439.25,4
202509,8,북미주 지역,175189,17383.25,12208.5,5174.75,157805.75,93123.25,64682.5,245851.5,9595.5,9581.5,14,236256,235857,399
202509,9,중미 지역,28494,44,10,34,28450,8114,20336,93544,620,620,0,92924,78333.75,14590.25
202509,10,남미 지역,50393,313,308,5,50080,38639,11441,81197.25,0,0,0,81197.25,76423.25,4774
202509,11,대양주 지역,32288.75,756,756,0,31532.75,22701.25,8831.5,15139,13,13,0,15126,14458,668
202509,12,기타 지역,149,0,0,0,149,149,0,0,0,0,0,0,0,0
202510,1,일본 지역,148517.25,39267.5,23408.5,15859,109249.75,62013.5,47236.25,103459,35337.5,32379.5,2958,68121.5,63602.5,4519
202510,2,극동아시아 지역,550267.5,75183.5,66173.25,9010.25,475084,427833.75,47250.25,497339.75,73687,46519.75,27167.25,423652.75,236793,186859.75
202510,3,동남아시아 지역,200622.75,33815.75,31313,2502.75,166807,151280.25,15526.75,140281.75,28773.25,28195.25,578,111508.5,105392,6116.5
202510,4,서남아시아 지역,21150.75,2934,1925,1009,18216.75,15107.5,3109.25,20356,5258.5,5249.5,9,15097.5,15009.5,88
202510,5,중동 지역,21626.25,2694.5,1043.25,1651.25,18931.75,9048,9883.75,28026,1453,1453,0,26573,26506,67
202510,6,유럽 지역,56139.25,821,783,38,55318.25,46302.5,9015.75,39226.25,7653.25,7515.25,138,31573,31515,58
202510,7,아프리카 지역,10884,209,209,0,10675,8065,2610,9145.75,152,152,0,8993.75,8985.75,8
202510,8,북미주 지역,178721,14263,12098.5,2164.5,164458,110229,54229,225137,21273.25,21161.25,112,203863.75,202753.75,1110
202510,9,중미 지역,22206,43,4,39,22163,6986,15177,123530.75,4031,4031,0,119499.75,86588.75,32911
202510,10,남미 지역,42348,1782,1692,90,40566,35146,5420,75826.5,2404,2304,100,73422.5,70237.5,3185
202510,11,대양주 지역,34845.25,116,116,0,34729.25,22581.5,12147.75,13532.5,37,37,0,13495.5,13076.5,419
202510,12,기타 지역,36,0,0,0,36,36,0,29,29,29,0,0,0,0
202511,1,일본 지역,152781,40498.5,23593,16905.5,112282.5,64898,47384.5,108935,38043.5,33537,4506.5,70891.5,64439.5,6452
202511,2,극동아시아 지역,585388,85505.25,72159.75,13345.5,499882.75,448555.5,51327.25,518396.75,93142.25,50591.25,42551,425254.5,235134.5,190120
202511,3,동남아시아 지역,192455.25,40556.25,38139.5,2416.75,151899,139592.5,12306.5,153967,40237.25,39685.25,552,113729.75,110444.5,3285.25
202511,4,서남아시아 지역,22509.75,5223,3904,1319,17286.75,12077.75,5209,17163,4234,4231,3,12929,12917,12
202511,5,중동 지역,19348.25,4053,1984,2069,15295.25,7844.25,7451,25810.25,2815,2797,18,22995.25,22890.25,105
202511,6,유럽 지역,53129,7852.5,7647.5,205,45276.5,35952.5,9324,39543.75,9291.75,9197.75,94,30252,30219,33
202511,7,아프리카 지역,19435.5,407,407,0,19028.5,8866.5,10162,8172,104,104,0,8068,8068,0
202511,8,북미주 지역,154741.5,15233.5,12448.5,2785,139508,92552.25,46955.75,258435.75,20880.5,20830.5,50,237555.25,236925.25,630
202511,9,중미 지역,22317.75,0,0,0,22317.75,6279,16038.75,116801.5,102,2,100,116699.5,84318.75,32380.75
202511,10,남미 지역,52931,139,125,14,52792,39583,13209,80642,0,0,0,80642,76863,3779
202511,11,대양주 지역,30587.75,262,262,0,30325.75,20347,9978.75,15320.5,100,100,0,15220.5,14733.5,487
202511,12,기타 지역,19,0,0,0,19,19,0,0,0,0,0,0,0,0
202512,1,일본 지역,155275,39542.5,24631.5,14911,115732.5,66036.5,49696,98236,32645,28942,3703,65591,60747.5,4843.5
202512,2,극동아시아 지역,602918.75,100149,91345.5,8803.5,502769.75,447948,54821.75,545199.75,92717,52558,40159,452482.75,271442.5,181040.25
202512,3,동남아시아 지역,203221.75,38971.5,35531.25,3440.25,164250.25,142855.5,21394.75,158016.5,36539.5,35288.25,1251.25,121477,115225.75,6251.25
202512,4,서남아시아 지역,23206.75,2965,1839,1126,20241.75,14853,5388.75,25075,3453,3452,1,21622,21604,18
202512,5,중동 지역,19620.5,1410,835,575,18210.5,9677.5,8533,24711.75,3551,3515,36,21160.75,21095.75,65
202512,6,유럽 지역,58077.75,3105.25,3044.25,61,54972.5,47945.5,7027,39895.75,8556.75,8544.75,12,31339,31322,17
202512,7,아프리카 지역,9730,128,28,100,9602,8383,1219,10343.5,20,20,0,10323.5,10315.5,8
202512,8,북미주 지역,172759.75,19468.75,15053.5,4415.25,153291,103341.75,49949.25,222624,18126.5,18058.5,68,204497.5,203564.5,933
202512,9,중미 지역,21070,54,4,50,21016,8822,12194,119976.5,2342,2320,22,117634.5,82722.75,34911.75
202512,10,남미 지역,54552,1015,1015,0,53537,43418,10119,82810.25,2476,2376,100,80334.25,76037.25,4297
202512,11,대양주 지역,42931.25,203,203,0,42728.25,25250,17478.25,17152.25,33,33,0,17119.25,15798.25,1321
202512,12,기타 지역,133,0,0,0,133,133,0,0,0,0,0,0,0,0
202601,1,일본 지역,124109,32697.5,18816.5,13881,91411.5,50894.5,40517,106311.75,37943.5,34700,3243.5,68368.25,64687.5,3680.75
202601,2,극동아시아 지역,605524.75,103921.75,90901.75,13020,501603,456895.25,44707.75,511499,90656.75,46721.5,43935.25,420842.25,242741.25,178101
202601,3,동남아시아 지역,196727.75,36611,29665.5,6945.5,160116.75,135495.75,24621,144100.75,33740,33213,527,110360.75,106847.5,3513.25
202601,4,서남아시아 지역,25334.5,6206,3315,2891,19128.5,15473.5,3655,24682,5122.5,5111.5,11,19559.5,19338.5,221
202601,5,중동 지역,22401.25,1783,838,945,20618.25,11356.25,9262,26924.75,6351.25,6317.25,34,20573.5,20528.5,45
202601,6,유럽 지역,64733,6489.75,6320.75,169,58243.25,46979.5,11263.75,41419.25,7908,7890,18,33511.25,33505.25,6
202601,7,아프리카 지역,9281.25,63,47,16,9218.25,6645,2573.25,8609.5,109.25,109.25,0,8500.25,8492.25,8
202601,8,북미주 지역,147297.25,21114.25,14297.25,6817,126183,90172,36011,247502,16714.5,16648.5,66,230787.5,229545.5,1242
202601,9,중미 지역,21461,30,14,16,21431,7422.25,14008.75,113640,2235,2235,0,111405,71690,39715
202601,10,남미 지역,43164,934,934,0,42230,39375,2855,70160,1314,1314,0,68846,63511,5335
202601,11,대양주 지역,32002,313,313,0,31689,20034.75,11654.25,12736.25,71,71,0,12665.25,12239.25,426
202601,12,기타 지역,22,0,0,0,22,22,0,0,0,0,0,0,0,0
202602,1,일본 지역,141757.25,36755,22129.5,14625.5,105002.25,57983,47019.25,105544.5,33980.5,31059.5,2921,71564,64178,7386
202602,2,극동아시아 지역,609002,90506.5,81556.5,8950,518495.5,477152.5,41343,397107.25,71307,45995.75,25311.25,325800.25,196817.25,128983
202602,3,동남아시아 지역,187858.5,36450.5,33093.25,3357.25,151408,134227.5,17180.5,132789.25,32866.25,30914.25,1952,99923,95062,4861
202602,4,서남아시아 지역,21329.25,2566,1064,1502,18763.25,14721.25,4042,23249,2562,2559,3,20687,20680,7
202602,5,중동 지역,16714.25,746,389,357,15968.25,8936,7032.25,33017.25,3216,3178,38,29801.25,29752.25,49
202602,6,유럽 지역,47588.75,2376.25,2304.25,72,45212.5,35522.75,9689.75,41086,8987,8907,80,32099,32087,12
202602,7,아프리카 지역,8633,5,5,0,8628,6846,1782,7522.75,25,25,0,7497.75,7472.75,25
202602,8,북미주 지역,153925.5,17072.5,10799.75,6272.75,136853,94588.75,42264.25,271097,20087,19461,626,251010,250438,572
202602,9,중미 지역,18460,0,0,0,18460,4591,13869,100660.75,0,0,0,100660.75,83714,16946.75
202602,10,남미 지역,42689,11,11,0,42678,38107,4571,69281.25,0,0,0,69281.25,65709.25,3572
202602,11,대양주 지역,26141,176,176,0,25965,17756,8209,15585.25,70,70,0,15515.25,14074.25,1441
202602,12,기타 지역,40,4,4,0,36,36,0,0,0,0,0,0,0,0
202603,1,일본 지역,155595.5,41033.5,26555,14478.5,114562,69937.5,44624.5,112138,37355,34333,3022,74783,69054.5,5728.5
202603,2,극동아시아 지역,539454.75,93891.75,81502.75,12389,445563,399800.75,45762.25,517015.5,92329.25,54790.5,37538.75,424686.25,259146,165540.25
202603,3,동남아시아 지역,193001,34238.25,30278.75,3959.5,158762.75,141987.25,16775.5,155453.25,35213.75,34301.75,912,120239.5,114713,5526.5
202603,4,서남아시아 지역,22242.5,2990,2331,659,19252.5,16074.5,3178,23442.75,3186.25,3085.25,101,20256.5,20174.5,82
202603,5,중동 지역,27894.25,10468.25,2150,8318.25,17426,9614,7812,19029.75,70,70,0,18959.75,18948.75,11
202603,6,유럽 지역,56586.5,4785,4731,54,51801.5,39095.25,12706.25,53993,5659.5,5618.5,41,48333.5,48143.5,190
202603,7,아프리카 지역,10182,84,84,0,10098,5562,4536,10195,16,16,0,10179,10145,34
202603,8,북미주 지역,180938,20960.25,13696.75,7263.5,159977.75,110677,49300.75,288253.5,33907.25,33539.25,368,254346.25,252968.25,1378
202603,9,중미 지역,32207,310,183,127,31897,7372,24525,125784.25,4233,3249,984,121551.25,96738.25,24813
202603,10,남미 지역,55277,1619,1591,28,53658,42797,10861,109741.25,4362,4170,192,105379.25,98117.25,7262
202603,11,대양주 지역,42176,253,253,0,41923,29509.25,12413.75,15644,67,67,0,15577,13967,1610
202603,12,기타 지역,54,8,8,0,46,46,0,12,0,0,0,12,12,0
202604,1,일본 지역,157367.75,36317,21724.5,14592.5,121050.75,75710.5,45340.25,101062.5,31513,28916.5,2596.5,69549.5,63823,5726.5
202604,2,극동아시아 지역,621428.25,96816.75,83773.75,13043,524611.5,476306.5,48305,520525.25,94410.75,53093.25,41317.5,426114.5,233853,192261.5
202604,3,동남아시아 지역,187582.25,38192.75,34062.5,4130.25,149389.5,130066.75,19322.75,146558.75,36028,35267,761,110530.75,108290.75,2240
202604,4,서남아시아 지역,24420,3749,2490,1259,20671,14464,6207,24431.75,3116,3010,106,21315.75,21283.75,32
202604,5,중동 지역,6657.5,724,393,331,5933.5,4321.25,1612.25,18241.75,1526,1526,0,16715.75,16693.75,22
202604,6,유럽 지역,49868,9538.25,7967.5,1570.75,40329.75,37093.75,3236,52897.5,4462,4462,0,48435.5,48340.5,95
202604,7,아프리카 지역,8259,269,269,0,7990,7022,968,8256.5,102,102,0,8154.5,8146.5,8
202604,8,북미주 지역,159431,29121.5,16751.75,12369.75,130309.5,92970.25,37339.25,217861.25,16938.5,16894.5,44,200922.75,199690.75,1232
202604,9,중미 지역,19231,17,17,0,19214,5736,13478,107620.75,1237,1237,0,106383.75,85020.25,21363.5
202604,10,남미 지역,52463,38,38,0,52425,37710,14715,102292.75,30,30,0,102262.75,93623.75,8639
202604,11,대양주 지역,39975.25,432,432,0,39543.25,25485.75,14057.5,15146,14,14,0,15132,14308,824
202604,12,기타 지역,42,8,8,0,34,34,0,0,0,0,0,0,0,0
202605,1,일본 지역,165998.5,33457.5,18440.5,15017,132541,76833.5,55707.5,112113,33549,31776,1773,78564,71898,6666
202605,2,극동아시아 지역,666529.5,92389.25,80450.25,11939,574140.25,533209.5,40930.75,540806.5,83509.5,43989,39520.5,457297,252628.75,204668.25
202605,3,동남아시아 지역,196300.5,37744.25,34223.25,3521,158556.25,136645.25,21911,146843.5,35073,34471,602,111770.5,107783.5,3987
202605,4,서남아시아 지역,25996.75,1578,1469,109,24418.75,14800.75,9618,22340.75,4513.25,4508.25,5,17827.5,17745.5,82
202605,5,중동 지역,6018.5,249,249,0,5769.5,4699.5,1070,18612.75,654,654,0,17958.75,17930.75,28
202605,6,유럽 지역,62726,136,136,0,62590,52765.5,9824.5,80689.25,2191.25,2191.25,0,78498,78360,138
202605,7,아프리카 지역,8322,136,132,4,8186,6259,1927,9852,556,556,0,9296,9296,0
202605,8,북미주 지역,193227.75,18512.75,14456.75,4056,174715,114520.5,60194.5,246452.25,23195.5,23083.5,112,223256.75,222420.75,836
202605,9,중미 지역,35485,0,0,0,35485,9070,26415,109014.5,370,370,0,108644.5,87384.5,21260
202605,10,남미 지역,47424,1175,859,316,46249,37938,8311,69299.5,0,0,0,69299.5,66604.5,2695
202605,11,대양주 지역,40224.5,322,322,0,39902.5,25658.5,14244,15897.5,115,115,0,15782.5,15176.5,606
202605,12,기타 지역,55,0,0,0,55,55,0,10,0,0,0,10,10,0
202606,1,일본 지역,162310.75,36249,20833.5,15415.5,126061.75,72531.5,53530.25,101623.75,30003,28128.5,1874.5,71620.75,66171.5,5449.25
202606,2,극동아시아 지역,674770.25,85790.75,74596.75,11194,588979.5,542837.25,46142.25,546089,94619.75,56630,37989.75,451469.25,245535.25,205934
202606,3,동남아시아 지역,186175,38000.25,34936.25,3064,148174.75,129229.75,18945,137228.25,30632.25,30326.25,306,106596,101760.75,4835.25
202606,4,서남아시아 지역,21324,1602,1123,479,19722,15918,3804,19904.5,639,638,1,19265.5,19179.5,86
202606,5,중동 지역,11247.5,292,282,10,10955.5,5868.5,5087,19974.25,630,630,0,19344.25,19338.25,6
202606,6,유럽 지역,64646,153,153,0,64493,55724.5,8768.5,77579.25,2840.5,2840.5,0,74738.75,74641.75,97
202606,7,아프리카 지역,11101,25,25,0,11076,7833,3243,9355,634.5,634.5,0,8720.5,8720.5,0
202606,8,북미주 지역,160790,31035.5,16878.75,14156.75,129754.5,88408,41346.5,266719,20108.5,20042.5,66,246610.5,246290.5,320
202606,9,중미 지역,21128.25,31,11,20,21097.25,8854.25,12243,105610.75,3055,3055,0,102555.75,82179,20376.75
202606,10,남미 지역,60113.5,1705,1452,253,58408.5,41944,16464.5,97249.5,5255,5145,110,91994.5,88458.5,3536
202606,11,대양주 지역,41522.5,355,355,0,41167.5,26993.25,14174.25,17438.25,58,58,0,17380.25,16267.25,1113
202606,12,기타 지역,12,0,0,0,12,12,0,1,0,0,0,1,1,0
202607,1,일본 지역,185132.25,40930,22243,18687,144202.25,86254,57948.25,118460.5,33485,31533.5,1951.5,84975.5,78402,6573.5
202607,2,극동아시아 지역,644946.25,75594.5,62657.5,12937,569351.75,530523,38828.75,525150,88414.75,54760.25,33654.5,436735.25,253198.5,183536.75
202607,3,동남아시아 지역,196029.5,34361.75,31473.5,2888.25,161667.75,142978.25,18689.5,139465.75,28544.25,28198.25,346,110921.5,103783.5,7138
202607,4,서남아시아 지역,23711,3229,2524,705,20482,17975,2507,23055.5,2531,2516,15,20524.5,20268.5,256
202607,5,중동 지역,10149.5,540,520,20,9609.5,7422.5,2187,17914,548,548,0,17366,17354,12
202607,6,유럽 지역,63141.5,788.5,721.5,67,62353,52145.5,10207.5,71033,277.5,277.5,0,70755.5,70507.5,248
202607,7,아프리카 지역,8783,230,230,0,8553,6485,2068,8798.5,215.25,215.25,0,8583.25,8583.25,0
202607,8,북미주 지역,197109.25,35979.25,18132,17847.25,161130,107597.5,53532.5,290678.5,30478.25,30412.25,66,260200.25,259875.25,325
202607,9,중미 지역,27160.25,3,3,0,27157.25,8900,18257.25,134519.5,7306.25,7206.25,100,127213.25,102153,25060.25
202607,10,남미 지역,54803,258,258,0,54545,49019,5526,101395.75,18,18,0,101377.75,97339.75,4038
202607,11,대양주 지역,37708.5,783,783,0,36925.5,26355,10570.5,16352.25,69,69,0,16283.25,15499.25,784
202607,12,기타 지역,24,18,18,0,6,6,0,10,0,0,0,10,10,0
202608,1,일본 지역,165487.25,32693,17979.5,14713.5,132794.25,77614.5,55179.75,114067.25,28647,26664,1983,85420.25,78831.25,6589
202608,2,극동아시아 지역,627503.75,87792.75,72491.75,15301,539711,501756,37955,548929.75,95271.25,53880,41391.25,453658.5,258474.25,195184.25
202608,3,동남아시아 지역,193452.75,38702,36248.25,2453.75,154750.75,138367.5,16383.25,143872.5,32208.25,31728.25,480,111664.25,104576.5,7087.75
202608,4,서남아시아 지역,17792.75,1922.5,1034,888.5,15870.25,14146.25,1724,20437,2778.75,2771.75,7,17658.25,17596.25,62
202608,5,중동 지역,10148.5,1806,659,1147,8342.5,7100.5,1242,24193,603.5,603.5,0,23589.5,23583.5,6
202608,6,유럽 지역,82608.75,4041,1728,2313,78567.75,60406,18161.75,72443.5,1805,1603,202,70638.5,70487.5,151
202608,7,아프리카 지역,9466.5,1019.5,47,972.5,8447,7344,1103,9397.75,132,132,0,9265.75,9265.75,0
202608,8,북미주 지역,184087.75,34699.25,15635.25,19064,149388.5,93471.75,55916.75,270896,35824.75,35792.75,32,235071.25,234536.25,535
202608,9,중미 지역,30439.75,10,10,0,30429.75,11416,19013.75,102865.75,2333,2333,0,100532.75,79756.5,20776.25
202608,10,남미 지역,65071,43,43,0,65028,51935,13093,75695.25,2,2,0,75693.25,71273.25,4420
202608,11,대양주 지역,39409.25,388,388,0,39021.25,22491.25,16530,14981.25,72,72,0,14909.25,14280.25,629
202608,12,기타 지역,80,0,0,0,80,80,0,18,0,0,0,18,18,0
